TICKER;PRECO;DY;P/VP;LIQUIDEZ MEDIA DIARIA;PERCENTUAL EM CAIXA;CAGR DIVIDENDOS 3 ANOS; CAGR VALOR CORA 3 ANOS;PATRIMONIO;N COTISTAS;GESTAO
JSRE11;79,55;7,33;0,70;1.974.948,80;0,15;-2,87;-8,10;2.364.109.157,37;52.261,00;Ativa;
LGCP11;82,20;7,36;0,81;110.138,63;0,74;;;278.904.751,80;9.987,00;Ativa;
MFII11;110,25;10,91;1,10;454.815,50;25,81;-0,30;3,33;417.300.264,11;29.679,00;Ativa;
OULG11;49,33;12,16;0,67;127.159,48;2,75;;;183.176.183,14;6.688,00;Ativa;
THRA11;138,50;33,51;14,52;53.642,50;140,47;90,73;4,35;14.050.683,35;2.084,00;Passiva;
ITIP11;81,31;10,21;0,91;72.594,83;0,75;;;66.908.551,03;2.286,00;Passiva;
BBFI11B;2.285,00;13,49;0,80;392.335,98;8,08;3,78;-1,62;369.184.512,49;8.731,00;Passiva;
HCHG11;88,48;5,03;0,92;26.180,12;1,21;;;115.467.331,86;318,00;Ativa;
SOLR11;1.156,93;6,83;1,15;1.156,00;1,03;;;63.363.199,06;52,00;Ativa;
CVPR11;0,00;0,00;;;47,10;;;12.175.719,46;2,00;Ativa;
TCPF11;1,26;1.242,06;0,01;;3,48;;;56.544.093,90;52,00;Ativa;
CPTS11;96,94;12,67;1,02;7.803.412,28;0,21;13,94;-1,95;2.646.336.850,54;136.986,00;Ativa;
NAVT11;74,50;6,91;0,81;130.290,63;4,08;;;97.435.373,81;1.807,00;Ativa;
FLMA11;116,75;5,54;0,75;74.972,80;2,53;-9,82;-6,12;216.308.774,34;20.508,00;Ativa;
GCFF11;78,49;11,94;0,86;68.406,28;1,47;;;30.939.254,59;1.742,00;Ativa;
MCHF11;9,99;6,41;0,91;249.222,30;1,58;;;90.855.755,84;2.942,00;Ativa;
HCST11;88,01;0,00;0,84;353,27;3,38;;;30.075.599,06;80,00;Ativa;
BTWR11;106,40;2,02;0,98;1.440.549,00;2,79;;;87.750.674,52;59,00;Passiva;
PRSV11;117,50;0,00;0,49;8.563,96;8,57;28,92;-30,37;46.558.614,44;1.152,00;Passiva;
BCRI11;111,00;12,13;1,04;1.107.517,50;5,37;13,16;0,30;667.242.431,60;45.575,00;Ativa;
GCRI11;98,05;12,79;0,98;163.355,43;2,66;;;100.208.755,09;1.243,00;Ativa;
RBCB11;19,00;0,00;;;;-15,04;-54,96;0,00;462,00;Ativa;
RBRF11;72,17;9,98;0,83;3.024.868,70;1,68;-7,65;-11,11;1.194.884.791,18;80.136,00;Ativa;
PATC11;65,45;5,15;0,76;356.647,85;1,02;;;300.834.475,20;10.978,00;Ativa;
LVBI11;101,68;6,56;0,89;2.460.660,08;4,72;-1,40;-1,07;1.351.927.259,60;41.811,00;Ativa;
VINO11;51,65;10,71;0,94;3.100.516,00;2,96;;;699.302.246,47;100.857,00;Ativa;
HTMX11;84,60;0,00;0,68;107.844,18;1,14;8,60;-17,30;157.077.737,90;24.125,00;Ativa;
HCRI11;340,05;10,57;1,12;29.611,95;0,60;5,43;3,15;60.978.098,87;3.067,00;Passiva;
FVPQ11;101,75;5,08;0,51;165.236,00;1,48;-22,11;-18,79;556.565.913,49;4.545,00;Passiva;
BRHT11B;86,80;0,00;1,08;;3,44;;;147.568.817,37;11,00;--;
BBIM11;0,00;0,00;;;10,10;1,03;;49.542.596,08;20,00;Ativa;
DRIT11B;94,00;4,68;0,72;1.577,95;0,73;-14,31;-14,43;60.758.317,59;322,00;Ativa;
MBRF11;690,00;13,40;0,62;60.524,75;4,19;-2,91;-15,13;113.428.869,55;2.767,00;Ativa;
RNGO11;51,01;7,88;0,58;104.913,65;1,89;-9,35;-14,84;234.005.032,84;14.895,00;Passiva;
TCIN11;113,60;0,00;1,05;18.062,80;1,44;;;89.934.484,70;125,00;Ativa;
EQIR11;99,80;2,11;0,98;20.798,33;1,58;;;51.382.055,69;77,00;Ativa;
STRX11;8,52;3.344,00;0,06;;0,67;;;227.288.534,96;53,00;Passiva;
LASC11;90,00;5,63;0,80;251.289,09;5,13;;;283.276.103,44;165,00;Ativa;
CXCE11B;45,43;18,21;0,70;43.947,25;6,78;-0,99;-20,40;110.977.715,16;4.525,00;Passiva;
HGRS11;0,00;0,00;;;21,00;;;111.909.130,17;6,00;Ativa;
VLJS11;1.141,14;5,72;0,76;;30,12;;;38.944.274,69;9,00;Passiva;
XPIN11;88,26;8,55;0,80;537.131,65;6,07;-4,10;-7,91;786.901.110,67;51.854,00;Ativa;
JFLL11;78,63;8,75;0,79;146.001,78;1,98;;;149.192.045,36;2.295,00;Ativa;
KNIP11;104,00;12,84;1,05;13.205.918,70;3,11;21,51;-2,41;7.061.331.137,79;62.803,00;Ativa;
TGAR11;122,81;10,52;0,93;3.053.079,88;4,90;8,98;-0,28;1.496.956.687,22;80.194,00;Ativa;
HREC11;95,97;9,87;1,02;13.362,24;14,27;;;266.575.447,96;343,00;Ativa;
PATL11;75,53;8,29;0,77;1.032.552,88;1,01;;;489.595.317,27;14.011,00;Ativa;
CXAG11;80,64;0,00;0,81;251.541,61;8,44;;;209.076.006,79;12.874,00;Passiva;
DEVA11;102,00;16,24;1,05;6.868.349,13;5,70;;;1.347.212.876,56;76.289,00;Ativa;
NPAR11;12,99;324,93;0,70;3.829,60;6,86;;-52,47;2.214.482,32;720,00;Ativa;
CEOC11;57,86;9,43;0,64;53.855,08;2,01;-6,56;-11,73;164.239.530,65;5.919,00;Passiva;
CYCR11;100,82;5,30;1,06;29.156,38;17,02;;;57.736.984,12;86,00;Ativa;
JRDM11;67,03;4,58;0,77;190.163,55;3,07;-19,20;-1,97;220.426.046,66;4.889,00;Passiva;
BREV11;95,49;6,41;0,87;4.433,35;0,89;;;106.233.108,69;108,00;Ativa;
FPNG11;70,00;9,39;0,41;4.403,29;1,20;-4,91;;169.336.437,55;51,00;Ativa;
VSHO11;78,50;6,22;0,77;15.129,15;2,22;;-10,64;214.017.891,82;2.016,00;Ativa;
VTXI11;0,00;0,00;;;20,52;;;3.050.691,49;2,00;Ativa;
TORD11;9,61;12,40;0,75;983.445,98;1,82;;;452.337.268,81;96.098,00;Ativa;
NEWL11;102,30;9,51;0,88;339.433,55;3,84;;;235.152.808,21;2.487,00;Ativa;
ITIT11;72,30;6,09;0,87;32.278,38;1,92;;;74.942.876,77;5.552,00;Passiva;
RBTS11;1.000,00;5,97;0,89;;3,71;;;63.657.349,16;56,00;Ativa;
BBRC11;100,30;10,74;0,93;139.910,83;4,43;-1,19;-9,99;170.840.969,91;9.137,00;Passiva;
HCTR11;124,84;17,00;1,06;7.811.650,58;2,55;;;2.387.196.759,76;158.097,00;Ativa;
HPDP11;83,49;3,67;0,88;10.609,59;1,50;;;275.896.915,88;373,00;Passiva;
PRZS11;0,00;0,00;;;3,77;;;58.481.291,57;20,00;Ativa;
RBRD11;43,00;2,40;0,60;44.611,98;2,93;-49,02;-21,69;133.675.336,89;10.805,00;Passiva;
PNPR11;0,00;0,00;;;6,36;;;63.382.007,33;13,00;Ativa;
SALI11;0,00;0,00;;;3,50;;;8.032.117,91;2,00;Passiva;
GTWR11;84,35;8,82;0,86;775.504,45;0,54;;;1.181.864.977,66;26.320,00;Ativa;
MMVE11;0,00;0,00;;;1,41;;;35.487.892,68;9,00;Ativa;
PLCR11;88,50;11,19;0,95;402.913,73;12,30;;;195.937.545,58;9.452,00;Ativa;
MXRF11;9,10;9,56;0,89;7.624.661,08;0,51;-0,35;-6,99;2.321.102.708,40;488.875,00;Ativa;
BLMC11;99,60;8,92;0,97;5.279,67;8,86;;;40.835.425,67;89,00;Ativa;
ZIFI11;1.198,95;0,00;1,09;118.477,25;0,07;;;22.834.713,09;22,00;Ativa;
DVFF11;93,11;3,92;1,00;389.341,38;18,89;;;103.014.517,94;232,00;Ativa;
BTSI11;0,00;0,00;;;0,16;;;55.481.269,17;52,00;Ativa;
IBCR11;96,21;8,94;0,97;292.357,30;6,37;;;79.447.521,22;670,00;Ativa;
FMOF11;65,15;0,05;0,53;1.637,09;1,25;20,42;-9,54;62.344.380,89;326,00;Passiva;
ATSA11;94,00;0,00;1,06;12.490,77;1,03;;-2,10;155.087.136,20;266,00;Passiva;
RBRR11;100,05;9,77;0,99;3.000.283,30;4,80;11,97;-1,88;1.043.340.841,05;84.578,00;Ativa;
VGIP11;100,35;13,89;1,04;3.811.853,20;19,47;;;893.160.931,17;50.514,00;Ativa;
GALG11;99,29;9,31;1,00;1.393.799,60;0,02;;;558.924.528,85;6.245,00;Ativa;
HBCR11;108,40;10,31;1,26;86.930,80;3,46;;;52.849.817,76;27,00;Ativa;
VISC11;100,50;5,39;0,87;2.156.942,63;2,91;-8,79;-2,19;2.051.142.632,74;202.633,00;Ativa;
FLCR11;101,99;12,86;1,02;349.057,48;3,81;;;50.185.828,63;842,00;Ativa;
JTPR11;2.517,00;0,00;24,51;;7,65;;;22.046.026,60;8,00;Ativa;
HGIC11;106,52;7,55;1,00;474.044,81;8,90;;;27.510.587,86;235,00;Ativa;
SHPH11;806,10;3,41;0,91;79.791,65;0,64;-6,57;-5,82;542.257.564,45;2.923,00;Passiva;
BLMO11;26.004,50;0,00;0,99;147.358,67;4,99;;;99.413.657,94;91,00;Ativa;
ARCT11;107,33;18,46;1,06;1.209.271,45;0,15;;;252.891.029,37;8.299,00;Ativa;
GGRC11;115,81;8,06;0,88;1.322.605,20;1,78;6,61;-4,39;1.023.742.704,72;95.291,00;Ativa;
CXCO11;81,24;7,26;0,84;222.368,88;1,10;;;377.734.785,34;13.085,00;Ativa;
OUFF11;67,52;11,55;0,83;142.263,73;0,81;;;147.821.445,27;8.889,00;Ativa;
KNRE11;1,52;4,62;0,81;11.700,48;8,50;;-46,07;34.758.255,84;6.158,00;Ativa;
CRFF11;66,46;7,93;0,75;59.439,62;2,72;;;61.069.208,29;1.807,00;Ativa;
FIIP11B;164,00;8,40;0,82;85.395,20;2,83;-0,90;-4,19;185.759.454,51;8.648,00;Passiva;
MMPD11;0,00;0,00;;;103,12;;;51.444.850,08;48,00;Ativa;
RECT11;69,89;9,94;0,71;721.914,35;4,24;;;800.756.132,40;79.992,00;Ativa;
TRNT11;109,35;4,48;0,54;15.735,77;0,60;-18,17;-17,54;796.881.453,61;816,00;Passiva;
CPFF11;71,78;11,97;0,91;1.073.552,93;0,33;;;432.234.278,18;13.323,00;Ativa;
DAMT11B;0,63;0,00;6,30;7.990,53;0,28;;;12.098.740,00;481,00;Passiva;
CFHI11;0,00;0,00;;;43,53;;;81.366.159,34;53,00;Ativa;
TELD11;0,00;0,00;;;4,65;;;9.719.049,77;2,00;Ativa;
TRXF11;101,40;7,98;0,99;2.121.982,05;3,19;;;738.428.430,97;39.634,00;Ativa;
EGYR11;1,73;0,00;0,14;4.709,53;0,00;;;93.161.472,56;42,00;Passiva;
REIT11;500,13;14,65;1,03;2.082,00;50,13;;-27,08;12.710.575,48;61,00;Ativa;
HAAA11;95,80;6,08;1,02;1.268,46;0,66;;;324.092.881,44;136,00;Ativa;
RBED11;120,00;9,54;0,85;181.845,58;2,81;-0,84;;285.897.124,09;12.112,00;Ativa;
CACR11;107,45;12,62;1,06;326.808,80;8,27;;;153.985.328,53;3.486,00;Ativa;
VRTA11;105,00;11,05;1,08;2.252.123,60;1,92;5,23;-4,82;1.057.669.059,51;93.790,00;Ativa;
KINP11;14,00;7,99;1,92;5.567,15;7,03;;;52.276.733,66;550,00;Ativa;
BMII11;0,00;0,00;;;0,19;;;69.595.618,54;12,00;Ativa;
AFOF11;88,00;9,28;0,84;159.318,33;7,84;;;72.409.198,26;2.421,00;Ativa;
LKDV11;0,00;0,00;;;18,04;;;53.596.476,25;69,00;Ativa;
TRXB11;120,85;7,40;1,26;783.145,36;3,45;;;240.321.791,69;169,00;Passiva;
SEQR11;76,75;9,54;0,80;90.196,78;2,82;;;154.396.953,32;1.745,00;Ativa;
HGFF11;76,00;7,67;0,83;596.025,20;3,42;;;262.480.054,46;9.276,00;Ativa;
MAXR11;84,03;9,68;0,70;117.210,38;1,18;-10,82;-8,59;135.304.378,59;4.199,00;Passiva;
RBHY11;102,83;12,87;1,06;393.675,83;8,76;;;153.973.051,71;1.992,00;Ativa;
BRIM11;1.170,83;3,41;1,04;109.219,50;3,16;;;139.313.553,17;196,00;Ativa;
SEED11;0,00;0,00;;;1,61;;;169.300.269,83;88,00;Ativa;
CCRF11;98,67;5,26;0,97;4.207,35;5,05;;;159.507.086,30;39,00;Ativa;
VSEC11;88,95;8,53;0,89;466,57;39,66;;;6.261.495,87;79,00;Ativa;
VLOL11;93,48;5,40;0,90;138.379,98;1,24;1,07;-0,53;184.615.196,91;4.118,00;Passiva;
JSAF11;88,11;1,60;0,90;54.502,10;31,60;;;153.943.965,41;1.744,00;Ativa;
LPLP11;0,00;0,00;;;0,96;;;49.624.125,80;2,00;Ativa;
RZTR11;104,00;9,44;1,03;3.496.473,18;9,76;;;1.114.567.220,92;41.994,00;Ativa;
SJAU11;115,00;0,00;1,15;11.960,00;0,33;;;790.980.735,95;125,00;Passiva;
FATN11;101,98;8,12;1,01;17.057,41;1,19;;;82.067.157,50;357,00;Ativa;
SHDP11B;0,00;0,00;;;1,17;-10,61;;2.016.728.731,33;3,00;Passiva;
RCFF11;100,79;2,80;1,05;150.356,33;17,72;;;30.981.067,97;78,00;Ativa;
EDGA11;22,51;6,95;0,34;40.168,20;1,17;-14,51;-22,28;252.486.482,69;6.819,00;Passiva;
SRVD11;9,65;1,30;7,10;1.104,55;9,83;;;131.157.492,48;7,00;Ativa;
TOUR11;8,80;1.465,68;;340.762,05;;;;0,00;0,00;Ativa;
BLCA11;100,00;0,53;1,01;62.917,38;7,03;;;158.358.513,15;83,00;Ativa;
EQIN11;92,00;12,17;0,95;510.388,83;9,27;-29,53;;139.997.733,91;7.785,00;Ativa;
MATV11;97,57;3,59;0,99;41.848,50;2,03;;;34.289.358,69;200,00;Ativa;
MGHT11;88,25;9,39;0,88;20.942,13;1,15;;;131.018.947,00;597,00;Ativa;
AQLL11;385,03;0,00;0,44;641,83;0,00;;;86.503.259,08;37,00;Ativa;
RDPD11;56,79;9,63;0,95;161.081,79;4,09;3,49;-13,58;64.314.048,67;887,00;Ativa;
RNDP11;599,88;7,56;0,89;21.619,92;29,54;-7,01;-14,60;72.381.273,37;895,00;Ativa;
RBGS11;28,45;5,09;0,31;49.400,90;0,52;4,91;-12,98;97.865.283,71;2.808,00;Passiva;
HSAF11;94,75;11,68;0,99;395.510,00;1,57;;;170.274.904,76;5.046,00;Ativa;
RECR11;103,27;13,48;1,08;6.433.420,78;1,98;16,09;-0,87;2.311.895.011,83;143.931,00;Ativa;
VXXV11;863,00;0,00;1,24;1.253.201,73;1,55;;;122.892.339,37;10,00;Ativa;
LOFT11B;29,90;0,67;0,48;2.138,00;20,17;;;123.293.321,95;1,00;Ativa;
XPLG11;98,45;6,88;0,90;5.091.664,10;3,97;-1,41;-1,33;2.972.040.961,71;275.489,00;Ativa;
CNES11;33,15;3,99;0,38;11.918,10;5,72;-15,20;-24,49;255.435.601,04;2.245,00;Passiva;
HOSI11;73,00;7,84;0,79;19.095,25;12,66;;;52.996.711,07;2.143,00;Ativa;
XPPR11;64,10;8,89;0,78;1.152.000,65;3,66;;;602.678.994,00;50.786,00;Ativa;
XBXO11;0,00;0,00;;;0,12;;;293.926.028,01;4,00;Ativa;
TORM13;142,00;44,66;;2.317,56;;;11,05;0,00;0,00;Ativa;
WTSP11B;44,50;6,62;0,59;923,44;0,16;-14,31;;75.308.631,07;203,00;Ativa;
BLMR11;7,60;9,21;0,88;648.623,03;7,19;;;220.597.474,78;7.312,00;Ativa;
PVBI11;86,68;6,91;0,87;2.311.965,18;4,39;;;997.225.783,64;57.114,00;Ativa;
VSLH11;9,61;15,54;0,97;1.708.316,40;3,10;;;294.618.792,24;44.732,00;Ativa;
RBVA11;98,69;10,15;0,94;866.082,60;1,52;-1,84;;1.214.799.658,16;43.235,00;Ativa;
SNFF11;87,77;5,07;0,94;659.889,50;1,83;;;233.091.678,77;30.474,00;Ativa;
TFOF11;138,00;0,00;1,14;;13,36;29,98;2,01;103.080.374,68;3.278,00;Ativa;
BTSG11;0,00;0,00;;;0,68;;;103.256.536,54;52,00;Ativa;
VTRT11;0,00;0,00;;;20,14;;;1.030.654.046,20;499,00;Ativa;
BRCR11;70,50;8,01;0,67;2.004.461,65;1,57;-29,06;-11,73;2.820.482.616,00;132.531,00;Ativa;
BPML11;69,47;4,43;0,52;53.399,40;3,70;;;577.659.734,25;1.353,00;Passiva;
BBPO11;93,84;11,48;0,98;1.185.372,45;4,78;-1,65;-12,48;1.525.488.938,32;65.386,00;Passiva;
BBFO11;72,56;8,75;0,82;168.148,03;1,59;;;355.097.150,19;4.023,00;Passiva;
CJFI11;0,00;0,00;;;0,45;;;100.346.227,09;1,00;Ativa;
BLMG11;92,88;10,31;0,98;757.377,48;0,64;;;361.286.958,60;5.088,00;Ativa;
BLUR11;0,00;0,00;;;100,08;;;8.981.780,30;3,00;Ativa;
ERPA11;129,92;0,00;1,13;129,00;0,63;;;57.489.158,57;12,00;Passiva;
CJCT11;68,89;0,00;1,06;231.760,71;3,92;;7,41;186.084.028,74;1.404,00;Passiva;
PRTS11;117,70;0,00;1.681,43;;100,43;;;3.752.804,34;10,00;Ativa;
GESE11B;1.520,00;7,52;0,91;;1,34;;;86.417.369,89;55,00;Passiva;
EDFO11B;215,00;7,14;1,11;5.118,69;1,53;-6,34;-8,97;45.622.746,90;568,00;Passiva;
RMAI11;40,00;3,45;0,37;14.760,54;0,37;;;264.341.611,33;1.135,00;Ativa;
DOMC11;439,00;0,00;4,06;;0,37;;-6,09;264.341.611,33;1.135,00;Ativa;
ROOF11;1.002,00;0,00;1,04;10.600,80;19,85;;;74.906.889,97;38,00;Ativa;
FCFL11;111,94;7,39;1,07;405.951,10;1,33;5,96;2,98;363.922.446,39;4.359,00;Passiva;
BICR11;94,33;4,83;0,95;2.330,50;22,77;;;49.891.050,21;552,00;Ativa;
MTOF11;0,00;0,00;;;0,73;;;184.579.264,17;3,00;Ativa;
CVBI11;102,90;12,41;1,03;4.034.150,63;4,62;;;1.051.732.082,10;51.268,00;Ativa;
HABT11;111,42;15,48;1,14;2.901.891,13;11,18;;;724.348.467,47;45.155,00;Ativa;
LUGG11;86,80;6,50;0,69;20.138,33;0,70;;;112.474.520,83;4.200,00;Ativa;
VIDS11;0,00;0,00;;;10,05;;;56.543.693,51;712,00;Ativa;
NVHO11;11,93;6,81;0,94;2.330,03;1,23;5,01;-24,75;527.758.066,30;2.464,00;Ativa;
BLCP11;82,23;7,79;0,84;269.310,42;1,65;;;225.883.475,41;302,00;Ativa;
XPSF11;79,47;10,22;0,88;707.840,30;1,29;;;388.991.107,07;21.263,00;Ativa;
SNCI11;103,59;4,18;1,02;1.339.517,35;3,18;;;163.841.678,80;8.973,00;Ativa;
ARFI11B;479,99;0,00;1,26;;2,59;;;43.511.201,93;28,00;Ativa;
ONEF11;141,78;5,95;0,81;48.854,93;1,06;1,21;-0,79;159.164.173,48;3.932,00;Passiva;
RRCI11;85,71;10,05;0,88;108.751,53;2,78;;;46.976.706,81;2.066,00;Ativa;
BPFF11;68,69;9,13;0,86;356.204,05;3,50;-8,57;-10,53;358.945.822,37;20.639,00;Ativa;
SPVJ11;0,00;0,00;;;12,11;;;680.058.871,43;28,00;Ativa;
BZLI11;17,00;0,00;1,56;15.814,89;0,05;;6,81;432.739.853,66;323,00;Ativa;
SFRO11;0,00;0,00;;;23,62;;;12.499.077,04;14,00;Passiva;
MALL11;96,59;6,13;0,88;1.365.921,10;1,99;-0,50;-2,77;829.494.517,66;91.113,00;Ativa;
SFND11;83,07;5,12;7,11;;36,45;116,69;;11.466.451,36;54,00;Passiva;
XTED11;6,27;0,00;0,44;3.553,13;0,40;;-29,38;27.341.371,70;4.588,00;Ativa;
CXTL11;309,97;5,56;0,45;8.484,33;0,59;13,50;-16,68;37.044.254,22;676,00;Passiva;
MGLG11;49,99;6,39;0,52;172.063,28;0,34;;;111.873.871,51;1.188,00;Ativa;
WPLZ11;71,74;1,70;0,70;16.122,05;1,46;4,36;-0,13;104.862.073,94;1.884,00;Passiva;
FIGS11;54,96;5,04;0,55;188.035,98;4,38;-24,26;-2,50;284.138.014,47;16.637,00;Passiva;
RBFF11;55,40;9,30;0,82;286.693,65;1,10;-11,20;;253.219.830,88;22.134,00;Ativa;
BTRA11;100,30;4,00;0,97;639.110,63;25,00;;;347.627.495,51;8.624,00;Ativa;
VIUR11;76,01;6,21;0,79;324.468,13;12,78;;;260.808.926,19;3.783,00;Ativa;
MFAI11;74,98;10,94;0,91;32.109,23;0,16;;;24.864.912,55;3.728,00;Ativa;
KFOF11;76,02;8,52;0,79;543.588,40;1,94;2,40;;434.162.955,34;7.817,00;Ativa;
APTO11;10,10;0,31;1,03;56.313,07;28,52;;;39.476.292,41;64,00;Ativa;
PATB11;0,00;0,00;;;4,66;;;557.934.973,13;58,00;Ativa;
RBHG11;88,94;10,69;0,93;370.272,58;6,80;;;165.363.721,21;5.262,00;Ativa;
KNRI11;132,43;6,09;0,84;4.252.413,98;3,65;-0,49;-3,71;3.811.917.192,28;229.978,00;Ativa;
MORC11;99,64;7,94;0,98;365.023,05;9,51;;;79.208.257,14;327,00;Ativa;
BMLC11;93,00;7,78;0,85;26.019,08;2,96;15,30;6,08;109.109.578,30;1.500,00;Passiva;
VJFD11;0,00;0,00;;;0,77;;;649.310.196,78;97,00;Ativa;
PEMA11;64,75;17,61;0,75;8.856,38;2,71;;;47.402.332,71;133,00;Ativa;
SHOP11;100,00;0,00;1,76;;7,08;;;84.219.389,81;12,00;Ativa;
BTAL11;95,00;7,30;0,92;892.290,13;12,54;;;619.008.357,28;14.718,00;Ativa;
RBLG11;88,75;7,30;0,85;5.879,71;1,54;;;66.825.500,17;104,00;Ativa;
QAMI11;99,00;9,90;1,09;81.871,83;2,30;;;73.023.182,14;945,00;Ativa;
RECX11;92,00;8,96;1,03;6.767,69;1,85;;;19.427.520,87;475,00;Ativa;
VIFI11;78,04;8,79;0,84;516.425,33;4,58;;;261.421.261,58;6.486,00;Ativa;
TJKB11;0,00;0,00;;;0,07;;;201.151.604,57;52,00;Ativa;
CARE11;2,07;2,36;0,26;93.732,65;0,34;;-37,55;284.489.229,68;9.427,00;Ativa;
VPSI11;0,00;0,00;;;0,80;-7,23;;149.608.873,58;56,00;Passiva;
MCHY11;119,99;5,43;1,17;21.593,34;1,09;;;363.602.380,70;76,00;--;
MVFI11;0,00;0,00;;;0,56;;;132.110.589,84;1,00;Ativa;
MORE11;76,10;9,97;0,83;532.960,60;1,95;;;211.406.854,86;11.528,00;Ativa;
SBCL11;0,00;0,00;;;135,13;;;33.368.196,71;2,00;Ativa;
LAVF11;0,00;0,00;;;0,01;;;62.781.707,61;8,00;Ativa;
MINT11;112,00;0,00;0,92;2.173,38;12,77;;;63.236.262,26;71,00;Ativa;
VVPR11;95,93;7,98;0,93;61.785,44;1,41;;;238.464.430,38;1.392,00;Ativa;
PQAG11;56,50;7,19;0,99;27.297,41;1,10;;;795.749.050,15;421,00;Ativa;
DLMT11;0,00;0,00;;;1,02;;;8.837.269,13;9,00;Ativa;
URPR11;120,30;17,60;1,26;3.796.621,73;60,69;;;348.675.383,32;34.459,00;Ativa;
TSER11;100,00;6,89;1,02;682.326,30;2,64;;;118.471.304,15;22,00;Ativa;
RSPD11;1.200,00;2,03;1,08;19.313,00;1,77;;;165.987.764,34;106,00;Ativa;
XPCI11;97,75;10,58;1,03;2.347.300,70;1,24;;;655.327.883,83;50.783,00;Ativa;
HGLG11;170,14;7,52;1,15;5.279.796,73;10,41;14,16;5,72;3.156.088.176,65;300.134,00;Ativa;
KNHY11;106,87;12,86;1,08;3.260.088,85;7,02;22,44;-0,33;1.420.712.754,91;10.755,00;Ativa;
HGRU11;114,80;6,97;0,97;4.378.059,40;0,76;1,83;2,53;2.185.021.309,02;151.646,00;Ativa;
HFOF11;79,00;8,24;0,91;1.421.726,90;1,10;-14,51;-6,47;1.994.343.584,43;64.906,00;Ativa;
VILG11;102,50;6,42;0,90;4.481.516,28;1,58;-5,56;;1.712.192.304,32;145.146,00;Ativa;
JBFO11;89,92;4,06;1,00;57.230,00;0,78;;;114.483.771,39;354,00;Ativa;
FPAB11;220,08;6,34;0,54;10.331,69;1,40;-13,34;-15,90;306.999.081,09;948,00;Passiva;
VTVI11;0,00;0,00;;;11,96;;;68.157.360,55;1,00;Ativa;
GSFI11;4,35;0,00;0,32;186.712,83;18,94;;;1.011.611.502,01;5.723,00;Ativa;
HRDF11;1,20;0,00;0,90;588,70;59,10;;;10.116.613,03;1.424,00;Ativa;
ALZR11;115,01;6,71;1,06;938.924,23;5,57;4,18;5,48;642.677.411,67;97.533,00;Ativa;
PORD11;93,47;11,12;0,94;648.293,55;3,00;;-1,94;370.483.839,84;14.059,00;Ativa;
KIVO11;0,00;0,00;;;39,60;;;35.672.180,13;1,00;Ativa;
ESTQ11;0,00;0,00;;;33,08;;;16.105.781,90;5,00;Ativa;
CBOP11;72,90;10,30;0,80;76.816,25;3,64;10,13;0,11;128.523.568,51;3.630,00;Passiva;
FIVN11;2,40;0,00;0,34;91.541,65;0,00;;-6,11;65.805.766,28;3.155,00;Passiva;
QIRI11;90,00;7,79;1,00;3.388,48;0,88;;;13.503.706,62;165,00;Passiva;
SDIL11;86,50;8,31;0,89;1.032.609,00;2,84;1,41;-8,72;622.933.473,38;51.477,00;Ativa;
TEPP11;73,47;6,81;0,81;160.096,10;0,20;;;384.342.485,15;7.807,00;Ativa;
PQDP11;2.200,00;5,30;0,65;147.676,43;1,09;-9,98;-10,42;812.414.024,20;4.068,00;Passiva;
FINF11;0,00;0,00;;;0,82;;;43.198.938,02;4,00;Ativa;
HGCR11;105,45;9,27;1,03;2.133.533,73;2,24;6,51;-3,92;1.268.610.704,46;59.293,00;Ativa;
HGRE11;132,50;7,76;0,80;2.407.297,90;1,28;5,90;-2,96;1.949.751.010,85;113.050,00;Ativa;
ALMI11;1.002,48;0,00;0,45;75.486,38;1,77;;-12,76;250.264.016,46;3.154,00;Passiva;
RBCO11;55,59;8,08;0,55;239.070,20;3,74;;;378.738.232,01;6.413,00;Ativa;
HUSC11;112,24;7,14;0,79;230.974,21;0,72;;-10,29;113.166.728,66;734,00;Passiva;
FEXC11;86,86;11,21;0,93;775.357,33;6,82;5,52;-5,67;571.393.942,82;17.660,00;Ativa;
RBRP11;71,23;7,29;0,85;1.563.169,30;2,40;4,70;;1.024.046.383,21;91.250,00;Ativa;
MOFF11;0,00;0,00;;;1,34;;;179.223.816,36;3,00;Ativa;
VGHF11;10,29;11,95;1,09;1.998.655,88;6,86;;;315.713.679,87;34.765,00;Ativa;
IRDM11;108,42;13,28;1,11;9.609.814,93;7,09;12,65;2,49;3.240.393.426,43;222.193,00;Ativa;
BARI11;104,91;12,33;1,03;1.235.173,98;4,68;;;471.474.468,53;31.818,00;Ativa;
JPPA11;97,50;11,92;0,93;46.617,85;1,31;;;63.119.237,69;746,00;Ativa;
DMAC11;13,00;297,52;2,61;26.524,35;105,14;;-75,37;778.257,90;2.352,00;Passiva;
BCFF11;73,61;8,35;0,93;3.347.638,98;1,25;-1,66;-5,74;1.990.777.058,59;284.472,00;Ativa;
CXRI11;68,15;8,95;0,77;25.328,10;2,91;-22,98;-59,74;138.937.265,23;2.850,00;Ativa;
EVBI11;94,49;7,57;0,94;151.702,92;14,22;;;140.392.080,47;164,00;Ativa;
RBRI11;0,00;0,00;;;7,59;;;146.669.700,88;79,00;Ativa;
QAGR11;50,80;9,37;0,85;491.124,13;1,03;;;301.164.497,72;21.572,00;Ativa;
MGFF11;64,81;10,43;0,82;954.916,70;2,95;-9,44;-11,97;713.300.572,99;50.187,00;Ativa;
GAME11;109,99;1,96;1,10;22.027,38;0,01;;;205.123.675,99;90,00;Ativa;
BCIA11;86,62;8,13;0,82;322.511,63;0,19;-19,09;-6,42;394.781.222,12;14.620,00;Ativa;
RBVO11;12,30;3,38;0,53;6.962,73;6,41;-47,34;-37,34;11.981.470,71;2.334,00;--;
AIEC11;78,40;9,08;0,77;668.509,50;5,48;;;491.127.002,75;5.566,00;Ativa;
BIME11;9,31;1,29;0,97;125.993,53;18,35;;;55.918.188,04;559,00;Ativa;
EURO11;201,00;8,02;0,64;100.298,25;1,52;8,84;8,13;119.833.855,36;2.570,00;Passiva;
NSLU11;224,97;9,30;1,03;157.977,80;1,94;4,28;-0,22;249.602.180,19;7.445,00;Passiva;
FTCE11B;2.950,01;8,19;1,08;;5,37;;;2.490.138.966,81;57,00;Ativa;
GZIT11;0,00;0,00;;;3,16;;;2.079.401.563,03;1,00;Ativa;
FLRP11;1.216,07;5,73;0,70;18.642,18;1,74;-6,43;-0,81;112.580.533,75;910,00;Passiva;
XPHT11;92,15;0,00;1,06;128.365,18;0,49;;;330.630.764,20;1.461,00;Ativa;
XPHT12;37,80;0,00;0,44;8.957,16;0,49;;;330.630.764,20;1.461,00;Ativa;
FOFT11;123,00;0,00;1,12;;5,10;-47,71;8,92;131.819.480,59;3.846,00;Ativa;
SPAF11;0,00;0,00;;;7,43;;;11.391.228,49;1,00;Ativa;
ERCR11;76.000,00;14,58;1,04;76.000,00;0,18;;;174.398.096,11;10,00;Passiva;
MGCR11;87,32;11,55;0,90;103.394,60;1,83;;;137.327.919,11;2.174,00;Ativa;
SPTW11;45,52;29,04;0,87;186.575,68;5,79;19,60;-16,86;93.875.642,24;20.459,00;Passiva;
IBFF11;61,47;9,13;0,80;77.474,75;3,07;;;50.937.396,97;4.839,00;Ativa;
TBOF11;15,56;0,00;222,29;;62,95;72,22;-43,00;697.190,44;9.172,00;Passiva;
VOTS11;84,06;7,57;0,85;1.926,50;12,34;6,47;-0,80;81.639.692,78;298,00;Ativa;
GTLG11;98,00;2,86;0,99;315.872,87;4,49;;;707.276.465,63;67,00;Ativa;
RBRY11;104,82;10,10;1,00;855.281,08;3,43;;;354.981.935,25;11.844,00;Ativa;
PABY11;9,20;0,00;;748,70;;;-25,22;-8.246.025,21;430,00;Passiva;
BICE11;1.000,00;6,94;1,11;1.506,25;10,25;;;10.012.117,86;95,00;Ativa;
BNFS11;126,91;9,85;1,29;38.415,43;5,40;8,45;0,47;68.816.692,76;3.470,00;Ativa;
BRLA11;150,00;8,54;0,94;105.915,88;0,15;;;259.860.568,90;158,00;Passiva;
PLRI11;38,00;6,84;0,88;7.622,42;5,83;-9,92;-19,19;41.384.472,49;783,00;Ativa;
VTLT11;91,80;9,02;0,89;221.229,13;2,20;-2,27;-3,13;218.154.340,14;5.952,00;Ativa;
RELG11;80,52;11,21;0,66;179.397,73;1,04;;;162.778.565,46;4.541,00;Ativa;
VTPL11;0,00;0,00;;;2,73;;;106.534.152,88;54,00;Passiva;
DOVL11B;21,39;44,45;0,02;;2,74;;;74.056.111,01;51,00;Ativa;
RCFA11;7,40;0,00;5,92;13.066,68;0,25;;;14.547.749,03;3.617,00;Passiva;
HBRH11;90,50;8,86;0,80;233.086,85;1,45;;;311.940.949,65;1.867,00;Ativa;
HSRE11;100,00;6,08;1,03;871.060,04;2,41;;;827.718.748,36;75,00;Ativa;
FCAS11;0,00;0,00;;;186,17;;;80.684.223,04;2,00;Passiva;
TSNC11;0,00;0,00;;;2,82;-3,01;;100.049.256,88;66,00;Ativa;
OURE11;85,99;12,25;0,92;186.481,63;21,68;13,18;-1,51;100.363.668,32;4.431,00;Ativa;
OUJP11;91,44;9,69;0,90;488.446,78;6,01;-3,57;-4,26;331.030.710,86;21.138,00;Ativa;
SADI11;89,90;4,84;0,89;620.484,58;3,14;;;320.438.489,55;2.755,00;Ativa;
RCRI11B;1.200,00;3,34;3,28;1.200,00;70,80;;;18.639.596,10;149,00;Ativa;
HLOG11;93,14;7,44;0,83;152.836,93;1,10;;;479.268.643,67;3.851,00;Ativa;
KISU11;8,14;9,86;0,87;889.597,95;6,22;;;412.682.158,61;53.564,00;Ativa;
HSML11;76,20;6,05;0,80;1.885.466,58;1,47;;;1.508.445.585,89;119.526,00;Ativa;
RBRL11;92,91;9,13;0,86;787.801,53;3,87;;;718.503.950,56;7.787,00;Ativa;
MGIM11;104,75;12,39;1,07;1.714,67;113,45;;;24.321.124,08;59,00;Ativa;
RBBV11;100,00;32,11;0,99;239.178,74;1,01;75,40;10,24;126.470.249,69;3.475,00;Passiva;
VERE11;233,49;11,41;0,74;;8,39;13,87;;173.610.808,01;53,00;Ativa;
HBTT11;1.055,00;0,00;;;;;;0,00;0,00;Ativa;
HMOC11;226,95;64,16;0,95;69.159,67;0,67;122,18;0,32;91.223.530,50;209,00;Passiva;
FVBI11;94,97;0,00;;;;142,93;-8,26;0,00;0,00;Passiva;
GRLV11;104,51;0,00;17,51;;2.489,44;135,25;2,45;6.407.890,29;2.604,00;Passiva;
FAED11;144,99;9,68;0,67;62.512,25;1,57;-8,61;-12,10;138.835.182,09;5.010,00;Passiva;
BRIP11;1.200,00;0,00;1,22;267.406,67;18,88;;;116.359.054,03;233,00;Ativa;
SIGR11;0,00;0,00;;;51,49;;;29.025.195,02;50,00;Ativa;
RFOF11;74,72;9,33;0,86;154.316,30;0,81;;;93.232.405,03;6.679,00;Ativa;
NVIF11B;227,50;1,17;0,90;;12,97;;;85.719.503,48;7,00;Ativa;
AFHI11;100,48;8,66;1,02;713.586,60;1,82;;;175.960.340,60;6.176,00;Ativa;
EXES11;0,00;0,00;;;4,06;;;8.778.191,14;24,00;Ativa;
HGPO11;258,99;5,22;0,97;283.806,48;4,28;;;469.812.255,83;10.163,00;Passiva;
PNDL11;0,00;0,00;;;56,65;;;24.344.618,54;46,00;Ativa;
LFTT11;107,48;7,88;1,81;127.859,00;30,95;;;423.481.720,72;382,00;Ativa;
RVBI11;79,48;11,06;0,90;344.260,48;1,93;;;127.581.764,58;11.355,00;Ativa;
RBRS11;67,63;6,68;0,72;30.082,31;9,15;;;129.844.879,35;1.190,00;Ativa;
HGBS11;167,00;4,64;0,78;1.599.988,15;0,64;-21,09;-10,63;2.143.159.688,71;80.452,00;Ativa;
KNCR11;99,90;5,17;0,99;8.357.240,85;6,87;-6,33;-1,95;3.945.642.616,58;81.405,00;Ativa;
IRIM11;113,00;4,87;1,11;29.975,88;2,35;;;132.147.323,49;341,00;Ativa;
CORM11;96,50;10,37;1,01;6.874,71;12,95;;;87.692.661,80;233,00;Ativa;
LSPA11;0,00;0,00;;;0,82;;;40.099.280,54;220,00;Ativa;
CTXT11;23,76;1,68;0,55;8.174,88;4,08;-23,80;75,98;112.402.752,34;3.723,00;Passiva;
PLOG11;74,95;8,55;0,75;56.447,40;4,02;;;74.524.074,15;2.044,00;Ativa;
PBLV11;926,98;6,76;0,59;;4,56;;;4.937.917.235,83;2,00;Ativa;
BPRP11;101,01;9,42;0,93;17.347,63;0,08;;;146.534.038,30;199,00;Passiva;
FIIB11;466,99;7,81;1,02;320.701,23;1,60;7,47;2,32;313.595.503,14;16.731,00;Passiva;
BTLG11;105,39;7,85;1,05;4.094.329,40;0,73;17,29;3,82;1.522.117.934,79;151.858,00;Ativa;
RBDS11;6,06;38,85;0,24;762,80;23,22;18,99;-71,47;3.235.360,28;1.019,00;Ativa;
FISC11;165,00;1,31;1,08;;0,18;;;251.458.437,24;66,00;Ativa;
ANCR11B;3.500,00;1,50;1,04;3.500,00;1,95;;;1.515.627.958,78;58,00;Ativa;
ELDO11B;762,38;8,58;0,57;;0,19;18,71;;1.060.674.052,69;60,00;Passiva;
BTCR11;92,09;9,54;0,94;669.975,75;3,32;5,43;;472.571.529,91;10.373,00;Ativa;
IDFI11;101,95;4,97;1,01;11.818,82;3,57;;;208.595.695,44;47,00;Ativa;
VGIR11;99,45;7,44;1,02;958.223,10;2,19;-5,89;-0,18;441.178.250,99;27.345,00;Ativa;
BRCO11;97,22;6,39;0,82;3.233.091,98;1,44;;;1.754.363.213,48;55.682,00;Ativa;
RCRB11;131,45;7,49;0,67;875.267,60;1,56;10,45;-7,78;726.184.354,90;29.827,00;Ativa;
KNSC11;99,47;12,48;1,10;3.830.382,00;4,30;;;718.051.475,99;40.824,00;Ativa;
YUFI11;0,00;0,00;;;1,22;;;37.637.102,65;10,00;Ativa;
SAIC11B;35,74;0,00;0,64;1.322,00;5,22;;-18,08;79.960.241,49;51,00;Passiva;
ORPD11;128,79;0,00;0,84;155,20;0,00;;1,00;44.218.407,47;32,00;Ativa;
HUSI11;1.050,00;0,00;1,10;1.050,00;6,40;;;106.686.954,02;79,00;Ativa;
PURB11;0,00;0,00;;;18,22;;;38.554.499,54;1,00;Ativa;
VTPA11;0,00;0,00;;;1,94;;;68.821.006,06;1,00;Ativa;
BZEL11;0,00;0,00;;;0,04;;;351.020.648,91;3,00;Ativa;
RBIR11;73,10;0,00;0,76;57.547,63;37,66;;;147.159.201,42;1.346,00;Ativa;
MCCI11;101,87;10,50;1,04;4.527.189,18;2,09;;;1.215.907.590,31;73.022,00;Ativa;
RBRM11;94.794,81;119,50;0,69;;22,17;;;74.567.551,77;54,00;Ativa;
XPML11;93,60;5,99;0,92;3.713.041,48;2,33;-8,04;-4,61;1.900.259.041,51;253.271,00;Ativa;
SARE11;72,23;9,49;0,73;1.028.938,80;10,00;;;917.117.685,29;12.478,00;Ativa;
VCJR11;98,00;11,07;1,03;1.218.851,73;2,72;;;1.108.573.860,66;7.645,00;Ativa;
KEVE11;1.080,00;0,13;1,09;17.462,86;2,54;;;146.262.901,24;383,00;Passiva;
JPPC11;230,00;40,53;0,43;1.080,00;20,78;;;29.085.690,82;86,00;Ativa;
FISD11;0,00;0,00;;;2,77;;;108.451.340,72;25,00;Ativa;
ATCR11;0,00;0,00;;;0,92;;;72.731.888,78;33,00;Ativa;
SCPF11;7,68;2,65;0,61;3.845,00;2,38;-27,57;-11,79;52.548.899,51;4.500,00;Ativa;
XPCM11;19,13;16,15;0,35;108.172,35;2,34;-29,82;-41,99;132.802.297,76;30.944,00;Passiva;
ABCP11;74,08;5,83;0,81;107.380,50;1,57;-1,44;-7,04;1.122.717.873,90;19.203,00;Passiva;
BVAR11;0,00;0,00;;;0,65;37,82;;672.671.898,35;69,00;Passiva;
ATWN11;0,00;0,00;;;0,50;;;93.192.753,69;2,00;Passiva;
ARRI11;100,58;13,62;1,08;576.419,70;3,03;;;97.957.964,82;5.436,00;Ativa;
PRSN11B;0,50;2,55;1,39;1.133,35;16,58;;;18.829.187,58;1.244,00;Ativa;
LATR11B;150,00;12,22;13,09;2.395,00;113,01;;;1.422.563,46;134,00;Ativa;
NEWU11;31,01;0,00;0,50;3.366,11;2,39;58,77;;45.918.648,78;1.724,00;Ativa;
VCRR11;77,50;6,05;0,65;49.726,15;1,19;;;239.192.558,80;1.944,00;Ativa;
RZAK11;93,50;9,64;0,99;1.157.143,00;1,35;;;283.956.920,58;7.316,00;Ativa;
FAMB11B;921,01;0,00;0,29;78.014,30;6,85;-9,82;-27,03;328.194.839,13;3.151,00;Passiva;
HSLG11;89,85;7,10;0,80;593.865,20;3,85;;;1.428.239.437,19;17.868,00;Ativa;
